자치구,kaptCode,kaptName,bjdCode,as1,as2,as3,as4
송파구,A10023070,잠실 센트럴파크,1171010100,서울특별시,송파구,잠실동,
송파구,A10023599,잠실엘타워,1171010100,서울특별시,송파구,잠실동,
송파구,A10027523,월드메르디앙주상복합아파트,1171010100,서울특별시,송파구,잠실동,
송파구,A13822001,잠실레이크팰리스,1171010100,서울특별시,송파구,잠실동,
송파구,A13822002,잠실동트리지움,1171010100,서울특별시,송파구,잠실동,
송파구,A13822003,잠실리센츠,1171010100,서울특별시,송파구,잠실동,
송파구,A13822004,잠실엘스아파트,1171010100,서울특별시,송파구,잠실동,
송파구,A13822301,갤러리아팰리스,1171010100,서울특별시,송파구,잠실동,
송파구,A13822701,잠실아시아선수촌,1171010100,서울특별시,송파구,잠실동,
송파구,A13822702,"잠실우성1,2,3차",1171010100,서울특별시,송파구,잠실동,
송파구,A13822902,잠실우성4차,1171010100,서울특별시,송파구,잠실동,
송파구,A13879102,잠실5단지아파트,1171010100,서울특별시,송파구,잠실동,
송파구,A13886701,잠실현대,1171010100,서울특별시,송파구,잠실동,
송파구,A10023169,현대타워아파트,1171010200,서울특별시,송파구,신천동,
송파구,A13824001,포스코더샵스타리버,1171010200,서울특별시,송파구,신천동,
송파구,A13824002,잠실더샵스타파크,1171010200,서울특별시,송파구,신천동,
송파구,A13824003,한신코아,1171010200,서울특별시,송파구,신천동,
송파구,A13824005,신천장미1차2차,1171010200,서울특별시,송파구,신천동,
송파구,A13824006,잠실파크리오,1171010200,서울특별시,송파구,신천동,
송파구,A13872502,롯데캐슬골드,1171010200,서울특별시,송파구,신천동,
송파구,A13872503,잠실푸르지오월드마크,1171010200,서울특별시,송파구,신천동,
송파구,A13872504,장미3차,1171010200,서울특별시,송파구,신천동,
송파구,A10021523,풍납현대사원아파트,1171010300,서울특별시,송파구,풍납동,
송파구,A10024358,풍납 갑을아파트,1171010300,서울특별시,송파구,풍납동,
송파구,A10024379,(풍납)대동아파트,1171010300,서울특별시,송파구,풍납동,
송파구,A10025185,잠실올림픽공원아이파크,1171010300,서울특별시,송파구,풍납동,
송파구,A10025467,풍납대아아파트,1171010300,서울특별시,송파구,풍납동,
송파구,A10025632,송파해모로아파트,1171010300,서울특별시,송파구,풍납동,
송파구,A10026804,강변현대아파트,1171010300,서울특별시,송파구,풍납동,
송파구,A13804001,풍납극동,1171010300,서울특별시,송파구,풍납동,
송파구,A13804002,풍납쌍용,1171010300,서울특별시,송파구,풍납동,
송파구,A13804003,풍납시티극동,1171010300,서울특별시,송파구,풍납동,
송파구,A13804004,풍납현대,1171010300,서울특별시,송파구,풍납동,
송파구,A13804206,풍납한강극동,1171010300,서울특별시,송파구,풍납동,
송파구,A13887301,풍납신성노바빌,1171010300,서울특별시,송파구,풍납동,
송파구,A13887302,풍납동아한가람,1171010300,서울특별시,송파구,풍납동,
송파구,A13887403,현대리버빌2차아파트,1171010300,서울특별시,송파구,풍납동,
송파구,A13887405,풍납 현대리버빌1차,1171010300,서울특별시,송파구,풍납동,
송파구,A13887702,풍납미성,1171010300,서울특별시,송파구,풍납동,
송파구,A13887901,송파현대힐스테이트,1171010300,서울특별시,송파구,풍납동,
송파구,A10020796,잠실더샵루벤,1171010400,서울특별시,송파구,송파동,
송파구,A10021504,송파파밀리에더퍼스트아파트,1171010400,서울특별시,송파구,송파동,
송파구,A10023610,송파kcc아파트,1171010400,서울특별시,송파구,송파동,
송파구,A10025460,잠실아르누보팰리스,1171010400,서울특별시,송파구,송파동,
송파구,A10028083,송파SK아파트,1171010400,서울특별시,송파구,송파동,
송파구,A13817001,래미안송파파인탑,1171010400,서울특별시,송파구,송파동,
송파구,A13817101,송파호수임광,1171010400,서울특별시,송파구,송파동,
송파구,A13877501,송파삼성래미안,1171010400,서울특별시,송파구,송파동,
송파구,A13885102,한양아파트,1171010400,서울특별시,송파구,송파동,
송파구,A13885301,송파현대1차,1171010400,서울특별시,송파구,송파동,
송파구,A13885303,송파미성,1171010400,서울특별시,송파구,송파동,
송파구,A13885304,송파한양2차,1171010400,서울특별시,송파구,송파동,
송파구,A13885306,가락삼익맨숀,1171010400,서울특별시,송파구,송파동,
송파구,A10027881,석촌호수 효성해링턴타워,1171010500,서울특별시,송파구,석촌동,
송파구,A13819001,잠실한솔,1171010500,서울특별시,송파구,석촌동,
송파구,A10021157,삼전현대아파트,1171010600,서울특별시,송파구,삼전동,
송파구,A10021256,가락풍림아파트,1171010700,서울특별시,송파구,가락동,
송파구,A10021390,송파가락두산위브센티움,1171010700,서울특별시,송파구,가락동,
송파구,A10025850,헬리오시티아파트,1171010700,서울특별시,송파구,가락동,
송파구,A13816001,가락현대5차,1171010700,서울특별시,송파구,가락동,
송파구,A13816002,가락동부센트레빌,1171010700,서울특별시,송파구,가락동,
송파구,A13816005,송파롯데캐슬파인힐,1171010700,서울특별시,송파구,가락동,
송파구,A13816101,송파동부센트레빌,1171010700,서울특별시,송파구,가락동,
송파구,A13816202,가락극동,1171010700,서울특별시,송파구,가락동,
송파구,A13880105,가락2차쌍용아파트,1171010700,서울특별시,송파구,가락동,
송파구,A13880201,가락현대6차,1171010700,서울특별시,송파구,가락동,
송파구,A13880204,가락대림아파트,1171010700,서울특별시,송파구,가락동,
송파구,A13880406,가락우성1차,1171010700,서울특별시,송파구,가락동,
송파구,A13880407,가락금호,1171010700,서울특별시,송파구,가락동,
송파구,A13880602,가락우성2차아파트,1171010700,서울특별시,송파구,가락동,
송파구,A13880603,가락한신,1171010700,서울특별시,송파구,가락동,
송파구,A13880701,가락미륭아파트,1171010700,서울특별시,송파구,가락동,
송파구,A13880806,가락쌍용1차,1171010700,서울특별시,송파구,가락동,
송파구,A13881005,가락래미안파크팰리스,1171010700,서울특별시,송파구,가락동,
송파구,A13881103,삼환가락,1171010700,서울특별시,송파구,가락동,
송파구,A13881204,가락프라자,1171010700,서울특별시,송파구,가락동,
송파구,A13895501,송파성원상떼빌,1171010700,서울특별시,송파구,가락동,
송파구,A13895502,가락3차쌍용스윗닷홈(1~4동),1171010700,서울특별시,송파구,가락동,
송파구,A13895503,한화오벨리스크,1171010700,서울특별시,송파구,가락동,
송파구,A10022030,문정현대아파트,1171010800,서울특별시,송파구,문정동,
송파구,A10022403,힐스테이트 e편한세상 문정아파트,1171010800,서울특별시,송파구,문정동,
송파구,A10022621,문정동마에스트로청년주택,1171010800,서울특별시,송파구,문정동,
송파구,A10022995,문정동현대2차아파트,1171010800,서울특별시,송파구,문정동,
송파구,A10024172,문정현대아파트,1171010800,서울특별시,송파구,문정동,
송파구,A10027346,파크하비오푸르지오아파트,1171010800,서울특별시,송파구,문정동,
송파구,A13820001,문정3차푸르지오,1171010800,서울특별시,송파구,문정동,
송파구,A13820002,문정세양청마루,1171010800,서울특별시,송파구,문정동,
송파구,A13820004,가락1차현대아파트,1171010800,서울특별시,송파구,문정동,
송파구,A13820005,문정건영,1171010800,서울특별시,송파구,문정동,
송파구,A13820006,문정래미안,1171010800,서울특별시,송파구,문정동,
송파구,A13820007,문정시영,1171010800,서울특별시,송파구,문정동,
송파구,A13820201,올림픽훼밀리타운,1171010800,서울특별시,송파구,문정동,
송파구,A13882401,문정푸르지오2차,1171010800,서울특별시,송파구,문정동,
송파구,A13882402,문정푸르지오1차,1171010800,서울특별시,송파구,문정동,
송파구,A10023296,송파파인타운12단지,1171010900,서울특별시,송파구,장지동,
송파구,A10023897,위례중앙푸르지오아파트,1171010900,서울특별시,송파구,장지동,
송파구,A10026682,위례포레샤인아파트,1171010900,서울특별시,송파구,장지동,
송파구,A10027461,힐스테이트 송파위례아파트,1171010900,서울특별시,송파구,장지동,
송파구,A10027553,위례2차아이파크아파트,1171010900,서울특별시,송파구,장지동,
송파구,A10027632,송파 와이즈더샵,1171010900,서울특별시,송파구,장지동,
송파구,A10027744,위례아이파크아파트,1171010900,서울특별시,송파구,장지동,
송파구,A10028086,위례 송파푸르지오,1171010900,서울특별시,송파구,장지동,
송파구,A13821001,송파파인타운4단지,1171010900,서울특별시,송파구,장지동,
송파구,A13821002,송파파인타운11단지,1171010900,서울특별시,송파구,장지동,
송파구,A13821003,송파파인타운5단지,1171010900,서울특별시,송파구,장지동,
송파구,A13821004,송파파인타운7단지,1171010900,서울특별시,송파구,장지동,
송파구,A13821005,송파파인타운10단지,1171010900,서울특별시,송파구,장지동,
송파구,A13821006,송파파인타운8단지,1171010900,서울특별시,송파구,장지동,
송파구,A13821007,송파파인타운9단지,1171010900,서울특별시,송파구,장지동,
송파구,A13876108,송파파인타운6단지,1171010900,서울특별시,송파구,장지동,
송파구,A13876109,송파파인타운2단지,1171010900,서울특별시,송파구,장지동,
송파구,A13876110,송파파인타운3단지,1171010900,서울특별시,송파구,장지동,
송파구,A13876111,송파파인타운1단지,1171010900,서울특별시,송파구,장지동,
송파구,A13876112,송파파인타운13단지,1171010900,서울특별시,송파구,장지동,
송파구,A13876113,송파더센트레아파트,1171010900,서울특별시,송파구,장지동,
송파구,A13876114,송파꿈에그린아파트,1171010900,서울특별시,송파구,장지동,
송파구,A10021457,방이금호어울림아파트,1171011100,서울특별시,송파구,방이동,
송파구,A10022027,효성올림픽카운티,1171011100,서울특별시,송파구,방이동,
송파구,A10026209,올림픽베어스타운,1171011100,서울특별시,송파구,방이동,
송파구,A13805001,방이대림가락,1171011100,서울특별시,송파구,방이동,
송파구,A13805002,올림픽선수기자촌아파트,1171011100,서울특별시,송파구,방이동,
송파구,A13805003,신구블레스밸리,1171011100,서울특별시,송파구,방이동,
송파구,A13883601,잠실한양3차,1171011100,서울특별시,송파구,방이동,
송파구,A13883602,방이코오롱,1171011100,서울특별시,송파구,방이동,
송파구,A10021425,오금쌍용스윗닷홈1차,1171011200,서울특별시,송파구,오금동,
송파구,A10022649,송파더플래티넘,1171011200,서울특별시,송파구,오금동,
송파구,A10023333,오금쌍용스윗닷홈2.3.4,1171011200,서울특별시,송파구,오금동,
송파구,A10025657,송파 두산위브아파트,1171011200,서울특별시,송파구,오금동,
송파구,A10026249,송파레미니스2단지,1171011200,서울특별시,송파구,오금동,
송파구,A10026362,송파호반베르디움더퍼스트,1171011200,서울특별시,송파구,오금동,
송파구,A10026734,송파레미니스아파트,1171011200,서울특별시,송파구,오금동,
송파구,A13813002,오금우방,1171011200,서울특별시,송파구,오금동,
송파구,A13813003,오금삼성,1171011200,서울특별시,송파구,오금동,
송파구,A13813004,가락상아1차,1171011200,서울특별시,송파구,오금동,
송파구,A13813005,가락우창,1171011200,서울특별시,송파구,오금동,
송파구,A13813006,오금현대백조,1171011200,서울특별시,송파구,오금동,
송파구,A13813008,오금대림,1171011200,서울특별시,송파구,오금동,
송파구,A13813010,오금현대아파트,1171011200,서울특별시,송파구,오금동,
송파구,A13873701,오금현대백조(임대),1171011200,서울특별시,송파구,오금동,
송파구,A13886009,상아2차아파트,1171011200,서울특별시,송파구,오금동,
송파구,A10021407,어울림거여동아파트,1171011300,서울특별시,송파구,거여동,
송파구,A10022033, 삼호아파트,1171011300,서울특별시,송파구,거여동,
송파구,A10023887,송파 시그니처 롯데캐슬아파트,1171011300,서울특별시,송파구,거여동,
송파구,A10023922,송파레이크파크 호반 써밋2,1171011300,서울특별시,송파구,거여동,
송파구,A10023927,송파레이크파크호반써밋1차,1171011300,서울특별시,송파구,거여동,
송파구,A10024085,송파위례리슈빌,1171011300,서울특별시,송파구,거여동,
송파구,A10024152,포레나송파,1171011300,서울특별시,송파구,거여동,
송파구,A10024197,송파레이크힐아파트,1171011300,서울특별시,송파구,거여동,
송파구,A10024492,위례포레샤인13단지아파트,1171011300,서울특별시,송파구,거여동,
송파구,A10024577,위례포레샤인18단지,1171011300,서울특별시,송파구,거여동,
송파구,A10024655,쌍용스윗닷홈거여역1차아파트,1171011300,서울특별시,송파구,거여동,
송파구,A10024787,이편한세상 송파파크센트럴,1171011300,서울특별시,송파구,거여동,
송파구,A10025284,거여리본타운 아파트,1171011300,서울특별시,송파구,거여동,
송파구,A13811001,거여6단지,1171011300,서울특별시,송파구,거여동,
송파구,A13811202,동아효성아파트(거여2단지),1171011300,서울특별시,송파구,거여동,
송파구,A13811203,거여4단지,1171011300,서울특별시,송파구,거여동,
송파구,A13811204,거여3단지,1171011300,서울특별시,송파구,거여동,
송파구,A13811205,거여5단지,1171011300,서울특별시,송파구,거여동,
송파구,A13811206,거여1단지,1171011300,서울특별시,송파구,거여동,
송파구,A13881302,거여현대3차,1171011300,서울특별시,송파구,거여동,
송파구,A13881401,거여현대2차,1171011300,서울특별시,송파구,거여동,
송파구,A13881601,거여우방,1171011300,서울특별시,송파구,거여동,
송파구,A13881603,거여현대1차,1171011300,서울특별시,송파구,거여동,
송파구,A10021237,송파건원여미지아파트,1171011400,서울특별시,송파구,마천동,
송파구,A10022249,아남아파트,1171011400,서울특별시,송파구,마천동,
송파구,A10026717,마천동신동아아파트,1171011400,서울특별시,송파구,마천동,
송파구,A10026961,송파파크데일3단지아파트,1171011400,서울특별시,송파구,마천동,
송파구,A13812001,마천금호어울림2차,1171011400,서울특별시,송파구,마천동,
송파구,A13812002,마천금호,1171011400,서울특별시,송파구,마천동,
송파구,A13812003,금호어울림1차,1171011400,서울특별시,송파구,마천동,
송파구,A13812004,마천우방,1171011400,서울특별시,송파구,마천동,
송파구,A13812005,송파파크데일2단지,1171011400,서울특별시,송파구,마천동,
송파구,A13881701,송파파크데일1단지,1171011400,서울특별시,송파구,마천동,
마포구,A10022480,마포트라팰리스2,1144010100,서울특별시,마포구,아현동,
마포구,A10022941,마포푸르지오더센트럴,1144010100,서울특별시,마포구,아현동,
마포구,A10023508,마포더클래시,1144010100,서울특별시,마포구,아현동,
마포구,A10027090,마포센트럴아이파크,1144010100,서울특별시,마포구,아현동,
마포구,A10027906,공덕자이 아파트,1144010100,서울특별시,마포구,아현동,
마포구,A10027951,공덕자이(임대),1144010100,서울특별시,마포구,아현동,
마포구,A12101001,서서울삼성아파트,1144010100,서울특별시,마포구,아현동,
마포구,A12175202,마포트라팰리스2차,1144010100,서울특별시,마포구,아현동,
마포구,A12175203,마포래미안푸르지오,1144010100,서울특별시,마포구,아현동,
마포구,A10023118,공덕동 크로시티 행복주택,1144010200,서울특별시,마포구,공덕동,
마포구,A10024408,공덕SK리더스뷰 1단지,1144010200,서울특별시,마포구,공덕동,
마포구,A10024626,공덕SK리더스뷰 2단지,1144010200,서울특별시,마포구,공덕동,
마포구,A10027748,공덕파크자이 아파트,1144010200,서울특별시,마포구,공덕동,
마포구,A12102002,공덕한화꿈에그린,1144010200,서울특별시,마포구,공덕동,
마포구,A12102005,마포현대아파트,1144010200,서울특별시,마포구,공덕동,
마포구,A12102008,삼성래미안공덕2차,1144010200,서울특별시,마포구,공덕동,
마포구,A12170601,삼성래미안공덕4차,1144010200,서울특별시,마포구,공덕동,
마포구,A12170602,공덕2삼성임대,1144010200,서울특별시,마포구,공덕동,
마포구,A12170603,공덕래미안5차,1144010200,서울특별시,마포구,공덕동,
마포구,A12180401,공덕현대,1144010200,서울특별시,마포구,공덕동,
마포구,A12180404,공덕삼성임대,1144010200,서울특별시,마포구,공덕동,
마포구,A12180407,공덕삼성,1144010200,서울특별시,마포구,공덕동,
마포구,A12180506,공덕삼성래미안3차,1144010200,서울특별시,마포구,공덕동,
마포구,A10024334,마포KCC웰츠타워,1144010300,서울특별시,마포구,신공덕동,
마포구,A10027504,월드마크마포아파트,1144010300,서울특별시,마포구,신공덕동,
마포구,A12103002,신공덕3차삼성래미안,1144010300,서울특별시,마포구,신공덕동,
마포구,A12103006,대우메트로디오빌,1144010300,서울특별시,마포구,신공덕동,
마포구,A12179001,브라운스톤공덕,1144010300,서울특별시,마포구,신공덕동,
마포구,A12179002,신공덕삼성임대,1144010300,서울특별시,마포구,신공덕동,
마포구,A12179003,신공덕2삼성래미안제2,1144010300,서울특별시,마포구,신공덕동,
마포구,A12179004,마포펜트라우스,1144010300,서울특별시,마포구,신공덕동,
마포구,A12179005,공덕아이파크,1144010300,서울특별시,마포구,신공덕동,
마포구,A12179006,신공덕e-편한세상,1144010300,서울특별시,마포구,신공덕동,
마포구,A12185303,신공덕삼성1차,1144010300,서울특별시,마포구,신공덕동,
마포구,A12185304,신공덕2차삼성래미안,1144010300,서울특별시,마포구,신공덕동,
마포구,A12104001,도화현대,1144010400,서울특별시,마포구,도화동,
마포구,A12104005,마포삼성,1144010400,서울특별시,마포구,도화동,
마포구,A12104007,마포도화우성아파트,1144010400,서울특별시,마포구,도화동,
마포구,A12170401,마포동원베네스트,1144010400,서울특별시,마포구,도화동,
마포구,A12170402,마포한화오벨리스크,1144010400,서울특별시,마포구,도화동,
마포구,A12181403,도화현대2차아파트(임대),1144010400,서울특별시,마포구,도화동,
마포구,A12181404,도화현대홈타운,1144010400,서울특별시,마포구,도화동,
마포구,A12181406,도화현대1차아파트,1144010400,서울특별시,마포구,도화동,
마포구,A10021282,마포대림2차e-편한세상아파트 ,1144010500,서울특별시,마포구,용강동,
마포구,A10022303,마포대림1차,1144010500,서울특별시,마포구,용강동,
마포구,A10028006,e편한세상마포리버파크,1144010500,서울특별시,마포구,용강동,
마포구,A12187501,래미안마포리버웰,1144010500,서울특별시,마포구,용강동,
마포구,A12187602,래미안용강아파트,1144010500,서울특별시,마포구,용강동,
마포구,A12106001,토정한강삼성,1144010600,서울특별시,마포구,토정동,
마포구,A10025672,마포 보성 아파트,1144010700,서울특별시,마포구,마포동,
마포구,A12105001,마포쌍용황금,1144010700,서울특별시,마포구,마포동,
마포구,A10021649,대흥동 세양아파트,1144010800,서울특별시,마포구,대흥동,
마포구,A10025003,마포그랑자이아파트,1144010800,서울특별시,마포구,대흥동,
마포구,A12172401,마포자이2차,1144010800,서울특별시,마포구,대흥동,
마포구,A12172402,서희스타힐스,1144010800,서울특별시,마포구,대흥동,
마포구,A12181101,동양엔파트,1144010800,서울특별시,마포구,대흥동,
마포구,A12181102,마포태영제2,1144010800,서울특별시,마포구,대흥동,
마포구,A12181103,마포태영아파트,1144010800,서울특별시,마포구,대흥동,
마포구,A10024347,마포프레스티지자이아파트,1144010900,서울특별시,마포구,염리동,
마포구,A10024597,염리동세양청마루아파트,1144010900,서울특별시,마포구,염리동,
마포구,A10026036,마포자이 더 센트리지 아파트,1144010900,서울특별시,마포구,염리동,
마포구,A12109001,마포자이,1144010900,서울특별시,마포구,염리동,
마포구,A12109002,염리삼성래미안,1144010900,서울특별시,마포구,염리동,
마포구,A12187403,염리상록,1144010900,서울특별시,마포구,염리동,
마포구,A10022963,맹그로브신촌,1144011000,서울특별시,마포구,노고산동,
마포구,A12172201,신촌포스빌,1144011000,서울특별시,마포구,노고산동,
마포구,A10024974,신촌숲 아이파크 아파트,1144011100,서울특별시,마포구,신수동,
마포구,A12111001,마포경남아너스빌,1144011100,서울특별시,마포구,신수동,
마포구,A12171201,밤섬경남아너스빌,1144011100,서울특별시,마포구,신수동,
마포구,A12185504,신수성원,1144011100,서울특별시,마포구,신수동,
마포구,A12185602,신수세양청마루,1144011100,서울특별시,마포구,신수동,
마포구,A12185603,신수현대,1144011100,서울특별시,마포구,신수동,
마포구,A12185605,대원칸타빌,1144011100,서울특별시,마포구,신수동,
마포구,A12185606,마포신촌삼익아파트,1144011100,서울특별시,마포구,신수동,
마포구,A10027714,래미안 웰스트림,1144011200,서울특별시,마포구,현석동,
마포구,A12112001,밤섬현대,1144011200,서울특별시,마포구,현석동,
마포구,A12112002,마포강변힐스테이트,1144011200,서울특별시,마포구,현석동,
마포구,A10020640,마포창전쌍용스윗닷홈,1144011400,서울특별시,마포구,창전동,
마포구,A10024425,이랜드PEER 신촌 청년주택,1144011400,서울특별시,마포구,창전동,
마포구,A10025633,마포 웨스트리버 태영데시앙아파트,1144011400,서울특별시,마포구,창전동,
마포구,A12119004,서강해모로,1144011400,서울특별시,마포구,창전동,
마포구,A12119006,서강쌍용예가,1144011400,서울특별시,마포구,창전동,
마포구,A12119007,창전삼성,1144011400,서울특별시,마포구,창전동,
마포구,A12177801,서강한화오벨리스크스위트,1144011400,서울특별시,마포구,창전동,
마포구,A12177802,창전삼성임대,1144011400,서울특별시,마포구,창전동,
마포구,A12188201,신촌금호,1144011400,서울특별시,마포구,창전동,
마포구,A12188202,창전현대홈타운,1144011400,서울특별시,마포구,창전동,
마포구,A12188205,신촌태영데시앙,1144011400,서울특별시,마포구,창전동,
마포구,A10028177,래미안밤섬리베뉴 Ⅰ,1144011500,서울특별시,마포구,상수동,
마포구,A12170702,래미안밤섬리베뉴 2,1144011500,서울특별시,마포구,상수동,
마포구,A12182901,상수두산위브,1144011500,서울특별시,마포구,상수동,
마포구,A12115001,한강밤섬자이아파트,1144011600,서울특별시,마포구,하중동,
마포구,A12114001,서강GS,1144011700,서울특별시,마포구,신정동,
마포구,A10024784,서교푸르지오아파트,1144012000,서울특별시,마포구,서교동,
마포구,A10024891,서교동 효성해링턴타워,1144012000,서울특별시,마포구,서교동,
마포구,A12174601,메세나폴리스,1144012000,서울특별시,마포구,서교동,
마포구,A12184201,서교동대우미래사랑,1144012000,서울특별시,마포구,서교동,
마포구,A10027301,마포한강2차푸르지오,1144012200,서울특별시,마포구,합정동,
마포구,A10027902,마포한강푸르지오,1144012200,서울특별시,마포구,합정동,
마포구,A10022359,망원미원2차아파트,1144012300,서울특별시,마포구,망원동,
마포구,A10023665,우림 루미아트,1144012300,서울특별시,마포구,망원동,
마포구,A10023755,마포한강 J-SKY아파트,1144012300,서울특별시,마포구,망원동,
마포구,A10024150,망원성원2차아파트,1144012300,서울특별시,마포구,망원동,
마포구,A10026053,마포한강 아이파크,1144012300,서울특별시,마포구,망원동,
마포구,A10027572,마포영화블렌하임,1144012300,서울특별시,마포구,망원동,
마포구,A12123001,망원휴먼빌아파트,1144012300,서울특별시,마포구,망원동,
마포구,A12182101,망원1차대림,1144012300,서울특별시,마포구,망원동,
마포구,A12182401,망원2차대림,1144012300,서울특별시,마포구,망원동,
마포구,A10024587,대명비발디아파트,1144012400,서울특별시,마포구,연남동,
마포구,A12186901,코오롱하늘채,1144012400,서울특별시,마포구,연남동,
마포구,A10022213,성산동성아파트,1144012500,서울특별시,마포구,성산동,
마포구,A10027157,서울가좌행복주택,1144012500,서울특별시,마포구,성산동,
마포구,A12125001,성산2차e-편한세상,1144012500,서울특별시,마포구,성산동,
마포구,A12125202,성산월드타운대림,1144012500,서울특별시,마포구,성산동,
마포구,A12171101,월드컵아이파크1단지,1144012500,서울특별시,마포구,성산동,
마포구,A12185001,성사1차 풍림아파트,1144012500,서울특별시,마포구,성산동,
마포구,A12185003,SH성산아파트,1144012500,서울특별시,마포구,성산동,
마포구,A12185004,성산시영아파트,1144012500,서울특별시,마포구,성산동,
마포구,A10022429,중동 동원월드타운아파트,1144012600,서울특별시,마포구,중동,
마포구,A12187703,성산2차현대,1144012600,서울특별시,마포구,중동,
마포구,A12187901,중동계룡,1144012600,서울특별시,마포구,중동,
마포구,A12187902,건영월드컵,1144012600,서울특별시,마포구,중동,
마포구,A12187904,DMC마포청구아파트,1144012600,서울특별시,마포구,중동,
마포구,A12187905,마포중동현대,1144012600,서울특별시,마포구,중동,
마포구,A12187906,월드컵참누리,1144012600,서울특별시,마포구,중동,
마포구,A12127001,상암월드컵파크5단지,1144012700,서울특별시,마포구,상암동,
마포구,A12127002,상암월드컵파크6단지,1144012700,서울특별시,마포구,상암동,
마포구,A12127003,상암월드컵파크3단지,1144012700,서울특별시,마포구,상암동,
마포구,A12127004,상암월드컵파크2단지,1144012700,서울특별시,마포구,상암동,
마포구,A12127005,상암월드컵파크7단지,1144012700,서울특별시,마포구,상암동,
마포구,A12127006,상암월드컵파크4단지,1144012700,서울특별시,마포구,상암동,
마포구,A12127007,상암월드컵1단지,1144012700,서울특별시,마포구,상암동,
마포구,A12127008,상암월드컵8단지,1144012700,서울특별시,마포구,상암동,
마포구,A12179501,DMC상암센트럴파크2단지,1144012700,서울특별시,마포구,상암동,
마포구,A12179502,DMC상암센트럴파크1단지,1144012700,서울특별시,마포구,상암동,
마포구,A12179503,상암월드컵파크11단지,1144012700,서울특별시,마포구,상암동,
마포구,A12179504,상암월드컵파크9단지,1144012700,서울특별시,마포구,상암동,
마포구,A12179505,상암월드컵파크12단지,1144012700,서울특별시,마포구,상암동,
마포구,A12179508,상암월드컵파크10단지,1144012700,서울특별시,마포구,상암동,
노원구,A10021254,장은하이빌아파트,1135010200,서울특별시,노원구,월계동,
노원구,A10024636,세양청마루,1135010200,서울특별시,노원구,월계동,
노원구,A10024812,월계우남아파트,1135010200,서울특별시,노원구,월계동,
노원구,A10025097,월계센트럴아이파크아파트,1135010200,서울특별시,노원구,월계동,
노원구,A10027121,녹천역두산위브아파트,1135010200,서울특별시,노원구,월계동,
노원구,A10027716,꿈의숲 SK뷰 아파트,1135010200,서울특별시,노원구,월계동,
노원구,A13905003,월계풍림아이원,1135010200,서울특별시,노원구,월계동,
노원구,A13905101,월계한일1차,1135010200,서울특별시,노원구,월계동,
노원구,A13905102,월계대동,1135010200,서울특별시,노원구,월계동,
노원구,A13905105,월계동현대,1135010200,서울특별시,노원구,월계동,
노원구,A13905202,월계흥화브라운빌,1135010200,서울특별시,노원구,월계동,
노원구,A13905204,월계6-1초안,1135010200,서울특별시,노원구,월계동,
노원구,A13905208,월계6-2초안,1135010200,서울특별시,노원구,월계동,
노원구,A13905301,월계서광,1135010200,서울특별시,노원구,월계동,
노원구,A13905302,성원(사슴4),1135010200,서울특별시,노원구,월계동,
노원구,A13984003,월계삼호4차,1135010200,서울특별시,노원구,월계동,
노원구,A13984004,그랑빌,1135010200,서울특별시,노원구,월계동,
노원구,A13984005,월계시영고층,1135010200,서울특별시,노원구,월계동,
노원구,A13984409,월계사슴2단지,1135010200,서울특별시,노원구,월계동,
노원구,A13984411,월계사슴3단지,1135010200,서울특별시,노원구,월계동,
노원구,A13984603,월계삼창,1135010200,서울특별시,노원구,월계동,
노원구,A13984604,월계동신,1135010200,서울특별시,노원구,월계동,
노원구,A13984813,월계주공1단지,1135010200,서울특별시,노원구,월계동,
노원구,A13984814,월계주공2단지,1135010200,서울특별시,노원구,월계동,
노원구,A13985103,월계대우아파트,1135010200,서울특별시,노원구,월계동,
노원구,A13985105,월계청백3단지,1135010200,서울특별시,노원구,월계동,
노원구,A13985106,월계청백1단지,1135010200,서울특별시,노원구,월계동,
노원구,A13985107,월계청백4단지,1135010200,서울특별시,노원구,월계동,
노원구,A13985201,월계극동,1135010200,서울특별시,노원구,월계동,
노원구,A13987501,성북역신도브래뉴,1135010200,서울특별시,노원구,월계동,
노원구,A13987502,월계역신도브래뉴,1135010200,서울특별시,노원구,월계동,
노원구,A13987503,월계2차한일,1135010200,서울특별시,노원구,월계동,
노원구,A13991015,월계유원,1135010200,서울특별시,노원구,월계동,
노원구,A13991016,월계동원베네스트,1135010200,서울특별시,노원구,월계동,
노원구,A13991017,월계초안산쌍용,1135010200,서울특별시,노원구,월계동,
노원구,A13991018,롯데캐슬루나,1135010200,서울특별시,노원구,월계동,
노원구,A13995602,월계사슴1단지,1135010200,서울특별시,노원구,월계동,
노원구,A10021097,태릉입구역 이니티움,1135010300,서울특별시,노원구,공릉동,
노원구,A10022152,서울공릉행복주택,1135010300,서울특별시,노원구,공릉동,
노원구,A10023478,한일휴니스빌,1135010300,서울특별시,노원구,공릉동,
노원구,A10023990,청년주택 와이엔타워,1135010300,서울특별시,노원구,공릉동,
노원구,A10023991,태릉해링턴플레이스,1135010300,서울특별시,노원구,공릉동,
노원구,A10026289,공릉2차신도브래뉴아파트,1135010300,서울특별시,노원구,공릉동,
노원구,A10027622,노원프레미어스엠코,1135010300,서울특별시,노원구,공릉동,
노원구,A13924003,공릉한보아파트,1135010300,서울특별시,노원구,공릉동,
노원구,A13924004,삼익포레스트아파트,1135010300,서울특별시,노원구,공릉동,
노원구,A13924205,공릉동부,1135010300,서울특별시,노원구,공릉동,
노원구,A13974401,공릉현대,1135010300,서울특별시,노원구,공릉동,
노원구,A13980004,청솔아파트8,1135010300,서울특별시,노원구,공릉동,
노원구,A13980006,공릉청솔9단지,1135010300,서울특별시,노원구,공릉동,
노원구,A13980009,공릉태릉우성,1135010300,서울특별시,노원구,공릉동,
노원구,A13980010,공릉화랑타운,1135010300,서울특별시,노원구,공릉동,
노원구,A13980012,공릉우방4단지,1135010300,서울특별시,노원구,공릉동,
노원구,A13980014,공릉해링턴플레이스(구.효성화운트빌),1135010300,서울특별시,노원구,공릉동,
노원구,A13980017,공릉2-6,1135010300,서울특별시,노원구,공릉동,
노원구,A13980018,공릉비선,1135010300,서울특별시,노원구,공릉동,
노원구,A13980019,공릉태강,1135010300,서울특별시,노원구,공릉동,
노원구,A13980102,공릉신원,1135010300,서울특별시,노원구,공릉동,
노원구,A13980105,공릉대동2차,1135010300,서울특별시,노원구,공릉동,
노원구,A13980107,공릉신도1차,1135010300,서울특별시,노원구,공릉동,
노원구,A13980108,공릉우성,1135010300,서울특별시,노원구,공릉동,
노원구,A13980401,공릉신성미소지움,1135010300,서울특별시,노원구,공릉동,
노원구,A13980402,공릉건영장미,1135010300,서울특별시,노원구,공릉동,
노원구,A13980403,공릉삼익2차,1135010300,서울특별시,노원구,공릉동,
노원구,A13980407,효성아파트,1135010300,서울특별시,노원구,공릉동,
노원구,A13980411,공릉동신,1135010300,서울특별시,노원구,공릉동,
노원구,A13980413,화랑해링턴플레이스,1135010300,서울특별시,노원구,공릉동,
노원구,A13980415,공릉두산힐스빌,1135010300,서울특별시,노원구,공릉동,
노원구,A13980509,공릉삼익4단지,1135010300,서울특별시,노원구,공릉동,
노원구,A13980510,공릉2단지라이프,1135010300,서울특별시,노원구,공릉동,
노원구,A13980511,공릉3단지라이프,1135010300,서울특별시,노원구,공릉동,
노원구,A13980512,공릉1단지,1135010300,서울특별시,노원구,공릉동,
노원구,A13980513,공릉풍림아이원,1135010300,서울특별시,노원구,공릉동,
노원구,A13980604,공릉대아2차,1135010300,서울특별시,노원구,공릉동,
노원구,A13980706,공릉대주파크빌,1135010300,서울특별시,노원구,공릉동,
노원구,A13980801,공릉대동1차,1135010300,서울특별시,노원구,공릉동,
노원구,A13980803,공릉1동삼익,1135010300,서울특별시,노원구,공릉동,
노원구,A13994501,공릉현대성우,1135010300,서울특별시,노원구,공릉동,
노원구,A10026660,노원에너지제로주택,1135010400,서울특별시,노원구,하계동,
노원구,A13923001,중계한신코아,1135010400,서울특별시,노원구,하계동,
노원구,A13923102,하계우방,1135010400,서울특별시,노원구,하계동,
노원구,A13923103,하계청구,1135010400,서울특별시,노원구,하계동,
노원구,A13923104,하계미성,1135010400,서울특별시,노원구,하계동,
노원구,A13923106,하계2차현대아파트,1135010400,서울특별시,노원구,하계동,
노원구,A13923108,하계청솔,1135010400,서울특별시,노원구,하계동,
노원구,A13977913,중계주공9단지,1135010400,서울특별시,노원구,하계동,
노원구,A13987205,하계1차청구아파트,1135010400,서울특별시,노원구,하계동,
노원구,A13987301,하계학여울청구B,1135010400,서울특별시,노원구,하계동,
노원구,A13987302,하계시영5단지,1135010400,서울특별시,노원구,하계동,
노원구,A13987303,하계현대우성,1135010400,서울특별시,노원구,하계동,
노원구,A13987304,하계 6단지 장미아파트,1135010400,서울특별시,노원구,하계동,
노원구,A13987305,하계학여울청구,1135010400,서울특별시,노원구,하계동,
노원구,A13987306,하계극동건영벽산,1135010400,서울특별시,노원구,하계동,
노원구,A13993501,하계삼익선경,1135010400,서울특별시,노원구,하계동,
노원구,A13993502,하계한신동성,1135010400,서울특별시,노원구,하계동,
노원구,A13993503,하계한신,1135010400,서울특별시,노원구,하계동,
노원구,A13993901,하계학여울청구A,1135010400,서울특별시,노원구,하계동,
노원구,A10020593,상계현대4차아파트,1135010500,서울특별시,노원구,상계동,
노원구,A10020986,노원아이파크,1135010500,서울특별시,노원구,상계동,
노원구,A10021185,비콘드림힐3차아파트,1135010500,서울특별시,노원구,상계동,
노원구,A10023024,노원롯데캐슬시그니처1단지,1135010500,서울특별시,노원구,상계동,
노원구,A10023060,노원롯데캐슬시그니처2단지,1135010500,서울특별시,노원구,상계동,
노원구,A10024434,상록수아파트,1135010500,서울특별시,노원구,상계동,
노원구,A10024547,포레나노원 아파트,1135010500,서울특별시,노원구,상계동,
노원구,A10024770,상계 대창센시티,1135010500,서울특별시,노원구,상계동,
노원구,A10024778,상계중앙하이츠아파트,1135010500,서울특별시,노원구,상계동,
노원구,A10025133,노원 센트럴푸르지오,1135010500,서울특별시,노원구,상계동,
노원구,A10027533,비콘드림힐아파트,1135010500,서울특별시,노원구,상계동,
노원구,A10027601,중계센트럴파크아파트,1135010500,서울특별시,노원구,상계동,
노원구,A13920001,상계우방,1135010500,서울특별시,노원구,상계동,
노원구,A13920102,상계수락현대,1135010500,서울특별시,노원구,상계동,
노원구,A13920104,우림루미아트1.2단지,1135010500,서울특별시,노원구,상계동,
노원구,A13920105,상계수락한신,1135010500,서울특별시,노원구,상계동,
노원구,A13920106,상계극동늘푸른,1135010500,서울특별시,노원구,상계동,
노원구,A13920202,상계코오롱,1135010500,서울특별시,노원구,상계동,
노원구,A13920205,상계한일유엔아이,1135010500,서울특별시,노원구,상계동,
노원구,A13920207,상계1차중앙하이츠,1135010500,서울특별시,노원구,상계동,
노원구,A13920209,상계중앙하이츠2차,1135010500,서울특별시,노원구,상계동,
노원구,A13920501,상계금호타운,1135010500,서울특별시,노원구,상계동,
노원구,A13920506,상계벽산,1135010500,서울특별시,노원구,상계동,
노원구,A13920703,상계주공5단지,1135010500,서울특별시,노원구,상계동,
노원구,A13920706,상계주공4단지,1135010500,서울특별시,노원구,상계동,
노원구,A13920707,상계주공6단지,1135010500,서울특별시,노원구,상계동,
노원구,A13920802,상계주공15단지,1135010500,서울특별시,노원구,상계동,
노원구,A13920803,상계주공16단지,1135010500,서울특별시,노원구,상계동,
노원구,A13920804,상계주공10단지,1135010500,서울특별시,노원구,상계동,
노원구,A13921005,상계주공9단지,1135010500,서울특별시,노원구,상계동,
노원구,A13971501,상계미도,1135010500,서울특별시,노원구,상계동,
노원구,A13971502,상계주공3단지,1135010500,서울특별시,노원구,상계동,
노원구,A13973201,노원우성,1135010500,서울특별시,노원구,상계동,
노원구,A13973202,비콘드림힐,1135010500,서울특별시,노원구,상계동,
노원구,A13974101,수락리버시티 4단지,1135010500,서울특별시,노원구,상계동,
노원구,A13974102,수락리버시티3단지,1135010500,서울특별시,노원구,상계동,
노원구,A13974103,상계은빛3단지,1135010500,서울특별시,노원구,상계동,
노원구,A13980903,불암산센트럴아파트,1135010500,서울특별시,노원구,상계동,
노원구,A13981001,상계불암대림제2,1135010500,서울특별시,노원구,상계동,
노원구,A13981006,상계불암대림,1135010500,서울특별시,노원구,상계동,
노원구,A13981204,상계불암현대(임대),1135010500,서울특별시,노원구,상계동,
노원구,A13981208,상계불암현대,1135010500,서울특별시,노원구,상계동,
노원구,A13981304,상계한신1차,1135010500,서울특별시,노원구,상계동,
노원구,A13981402,상계청암1단지,1135010500,서울특별시,노원구,상계동,
노원구,A13981405,청암2단지,1135010500,서울특별시,노원구,상계동,
노원구,A13981407,상계조합대림,1135010500,서울특별시,노원구,상계동,
노원구,A13981604,노원현대아파트,1135010500,서울특별시,노원구,상계동,
노원구,A13981606,상계대동아파트,1135010500,서울특별시,노원구,상계동,
노원구,A13981608,상계동양메이저,1135010500,서울특별시,노원구,상계동,
노원구,A13981901,상계주공13단지,1135010500,서울특별시,노원구,상계동,
노원구,A13981903,상계주공14단지,1135010500,서울특별시,노원구,상계동,
노원구,A13982002,상계한신3차,1135010500,서울특별시,노원구,상계동,
노원구,A13982003,상계신동아,1135010500,서울특별시,노원구,상계동,
노원구,A13982005,상계한신2차,1135010500,서울특별시,노원구,상계동,
노원구,A13982101,상계성원,1135010500,서울특별시,노원구,상계동,
노원구,A13982103,상계양우아파트,1135010500,서울특별시,노원구,상계동,
노원구,A13982202,상계주공12단지,1135010500,서울특별시,노원구,상계동,
노원구,A13982301,상계주공11단지,1135010500,서울특별시,노원구,상계동,
노원구,A13982604,상계보람,1135010500,서울특별시,노원구,상계동,
노원구,A13982701,상계임광아파트,1135010500,서울특별시,노원구,상계동,
노원구,A13982702,상계마들대림,1135010500,서울특별시,노원구,상계동,
노원구,A13982704,상계주공7단지,1135010500,서울특별시,노원구,상계동,
노원구,A13983004,상계주공2단지,1135010500,서울특별시,노원구,상계동,
노원구,A13983101,상계마들,1135010500,서울특별시,노원구,상계동,
노원구,A13983105,상계주공1단지,1135010500,서울특별시,노원구,상계동,
노원구,A13983608,상계한신,1135010500,서울특별시,노원구,상계동,
노원구,A13983707,상계현대1차,1135010500,서울특별시,노원구,상계동,
노원구,A13983709,상계현대2차,1135010500,서울특별시,노원구,상계동,
노원구,A13983712,상계3차현대아파트,1135010500,서울특별시,노원구,상계동,
노원구,A13983713,두산아파트,1135010500,서울특별시,노원구,상계동,
노원구,A13983801,대망드림힐,1135010500,서울특별시,노원구,상계동,
노원구,A13983803,상계대림e-편한세상,1135010500,서울특별시,노원구,상계동,
노원구,A13983810,상계수락파크빌,1135010500,서울특별시,노원구,상계동,
노원구,A13983811,수락산벨리체아파트,1135010500,서울특별시,노원구,상계동,
노원구,A13983815,상계은빛2단지,1135010500,서울특별시,노원구,상계동,
노원구,A13983816,상계은빛1단지,1135010500,서울특별시,노원구,상계동,
노원구,A13989701,상계동아불암,1135010500,서울특별시,노원구,상계동,
노원구,A13989702,상계동아불암임대,1135010500,서울특별시,노원구,상계동,
노원구,A13994302,상계한양,1135010500,서울특별시,노원구,상계동,
노원구,A10022333,대호프라자,1135010600,서울특별시,노원구,중계동,
노원구,A10023027,비콘드림힐아파트,1135010600,서울특별시,노원구,중계동,
노원구,A13922001,중계청암3단지,1135010600,서울특별시,노원구,중계동,
노원구,A13922002,중계진로유통조합아파트(중계진로대림아파트),1135010600,서울특별시,노원구,중계동,
노원구,A13922003,중계한화꿈에그린더퍼스트,1135010600,서울특별시,노원구,중계동,
노원구,A13922102,중계신안,1135010600,서울특별시,노원구,중계동,
노원구,A13922103,중계3벽산,1135010600,서울특별시,노원구,중계동,
노원구,A13922105,중계양지대림2-2임대,1135010600,서울특별시,노원구,중계동,
노원구,A13922108,중계양지대림1차,1135010600,서울특별시,노원구,중계동,
노원구,A13922110,중계양지대림2차,1135010600,서울특별시,노원구,중계동,
노원구,A13922111,중계주공8단지,1135010600,서울특별시,노원구,중계동,
노원구,A13922114,중계주공5단지,1135010600,서울특별시,노원구,중계동,
노원구,A13922406,중계주공4단지,1135010600,서울특별시,노원구,중계동,
노원구,A13922901,중계현대1차,1135010600,서울특별시,노원구,중계동,
노원구,A13922903,중계대림벽산,1135010600,서울특별시,노원구,중계동,
노원구,A13922904,중계금호,1135010600,서울특별시,노원구,중계동,
노원구,A13922905,중계한화꿈에그린,1135010600,서울특별시,노원구,중계동,
노원구,A13922907,동진신안,1135010600,서울특별시,노원구,중계동,
노원구,A13922908,중계삼성,1135010600,서울특별시,노원구,중계동,
노원구,A13922909,중계주공6단지,1135010600,서울특별시,노원구,중계동,
노원구,A13922910,중계주공7단지,1135010600,서울특별시,노원구,중계동,
노원구,A13972601,중계건영2차,1135010600,서울특별시,노원구,중계동,
노원구,A13972602,중계중앙하이츠아쿠아,1135010600,서울특별시,노원구,중계동,
노원구,A13972603,중계4단지목화,1135010600,서울특별시,노원구,중계동,
노원구,A13985402,중계현대그린,1135010600,서울특별시,노원구,중계동,
노원구,A13985406,중계현대6차,1135010600,서울특별시,노원구,중계동,
노원구,A13985605,중계중앙하이츠,1135010600,서울특별시,노원구,중계동,
노원구,A13985904,중계현대2차(4동),1135010600,서울특별시,노원구,중계동,
노원구,A13985907,중계염광아파트,1135010600,서울특별시,노원구,중계동,
노원구,A13985908,중계주공3단지,1135010600,서울특별시,노원구,중계동,
노원구,A13985909,중계주공2단지,1135010600,서울특별시,노원구,중계동,
노원구,A13986004,중계주공10단지,1135010600,서울특별시,노원구,중계동,
노원구,A13986009,롯데우성,1135010600,서울특별시,노원구,중계동,
노원구,A13986012,중계청구3차,1135010600,서울특별시,노원구,중계동,
노원구,A13986013,중계건영3차,1135010600,서울특별시,노원구,중계동,
노원구,A13986111,중계라이프신동아청구아파트,1135010600,서울특별시,노원구,중계동,
노원구,A13986201,중계우성3차,1135010600,서울특별시,노원구,중계동,
노원구,A13986207,중계양지대림1-2임대,1135010600,서울특별시,노원구,중계동,
노원구,A13986302,중계경남롯데상아,1135010600,서울특별시,노원구,중계동,
노원구,A13986306,중계그린,1135010600,서울특별시,노원구,중계동,
노원구,A13986504,중계무지개아파트,1135010600,서울특별시,노원구,중계동,
노원구,A13986505,중계시영3단지목련,1135010600,서울특별시,노원구,중계동,
노원구,A13986509,중계주공1단지,1135010600,서울특별시,노원구,중계동,
노원구,A13986606,중계성원1차,1135010600,서울특별시,노원구,중계동,
노원구,A13986701,중계성원2차,1135010600,서울특별시,노원구,중계동,
노원구,A13986702,삼창타워프라자,1135010600,서울특별시,노원구,중계동,
노원구,A13986703,중계경남아너스빌,1135010600,서울특별시,노원구,중계동,
노원구,A13993001,중계현대3차,1135010600,서울특별시,노원구,중계동,
노원구,A13993002,중계현대2차,1135010600,서울특별시,노원구,중계동,
